,Accuracy,F1 Score,Recall,Precision
Multinomial Naive Bayes,0.9404441453566622,0.9425138031828516,0.9764468371467026,0.9108600125549278
Random Forest,0.982671601615074,0.9829385456352494,0.9983176312247645,0.968026101141925
Logistic Regression,0.9658479138627187,0.9664739884393063,0.9845222072678331,0.9490755757379176
Support Vector Machine,0.9789703903095559,0.9792531120331951,0.9925975773889637,0.9662626924336718
AdaBoost Classifier,0.8605316285329744,0.853559441794736,0.8129205921938089,0.898475269616958
Gradient Boosting Classifier,0.7971063257065949,0.7656432180334241,0.6628532974427994,0.906163753449862
