,Accuracy,F1 Score,Recall,Precision
Multinomial Naive Bayes,0.9438088829071333,0.945714595297432,0.9789143113503813,0.9146929364913016
Random Forest,0.9826155226558995,0.9828368951389659,0.9955136832660386,0.9704788978788541
Logistic Regression,0.9700538358008075,0.970487454404775,0.9847465231045311,0.9566354325561125
Support Vector Machine,0.9798115746971736,0.9800796812749004,0.9932705248990579,0.9672346002621232
AdaBoost Classifier,0.8697846567967699,0.8633635400729669,0.822790489008524,0.9081455805892548
Gradient Boosting Classifier,0.8018169582772544,0.7703703703703704,0.6648721399730821,0.9156626506024096
